"","Code","fid","Provinces","Districts","Governance.Units","Name.of.Government.Unit"
"1",10105,1,"Koshi Province","Taplejung","Rural Municipality","Aatharai Tribeni Rural Municipality"
"2",10104,2,"Koshi Province","Taplejung","Rural Municipality","Maiwakhola Rural Municipality"
"3",10103,3,"Koshi Province","Taplejung","Rural Municipality","Meringden Rural Municipality"
"4",10102,4,"Koshi Province","Taplejung","Rural Municipality","Mikwakhola Rural Municipality"
"5",10101,5,"Koshi Province","Taplejung","Rural Municipality","Phaktanlung Rural Municipality"
"6",10106,6,"Koshi Province","Taplejung","Municipality ","Phungling Municipality"
"7",10109,7,"Koshi Province","Taplejung","Rural Municipality","Sidingba Rural Municipality"
"8",10108,8,"Koshi Province","Taplejung","Rural Municipality","Sirijanga Rural Municipality"
"9",10107,9,"Koshi Province","Taplejung","Rural Municipality","Pathibhara Yangwarak Rural Municipality"
"10",10903,10,"Koshi Province","Panchthar","Rural Municipality","Falelung Rural Municipality"
"11",10905,11,"Koshi Province","Panchthar","Rural Municipality","Falgunanda Rural Municipality"
"12",10902,12,"Koshi Province","Panchthar","Rural Municipality","Hilihan Rural Municipality"
"13",10906,13,"Koshi Province","Panchthar","Rural Municipality","Kummayak Rural Municipality"
"14",10908,14,"Koshi Province","Panchthar","Rural Municipality","Miklajung Rural Municipality"
"15",10904,15,"Koshi Province","Panchthar","Municipality ","Phidim Municipality"
"16",10907,16,"Koshi Province","Panchthar","Rural Municipality","Tumbewa Rural Municipality"
"17",10901,17,"Koshi Province","Panchthar","Rural Municipality","Yangbarak Rural Municipality"
"18",11007,18,"Koshi Province","Ilam","Rural Municipality","Chulachuli Rural Municipality"
"19",11004,19,"Koshi Province","Ilam","Municipality ","Deumai Municipality"
"20",11005,20,"Koshi Province","Ilam","Rural Municipality","Fakfokathum Rural Municipality"
"21",11003,21,"Koshi Province","Ilam","Municipality ","Ilam Municipality"
"22",11008,22,"Koshi Province","Ilam","Municipality ","Mai Municipality"
"23",11001,23,"Koshi Province","Ilam","Rural Municipality","Mai Jogmai Rural Municipality"
"24",11006,24,"Koshi Province","Ilam","Rural Municipality","Mangsebung Rural Municipality"
"25",11010,25,"Koshi Province","Ilam","Rural Municipality","Rong Rural Municipality"
"26",11002,26,"Koshi Province","Ilam","Rural Municipality","Sandakpur Rural Municipality"
"27",11009,27,"Koshi Province","Ilam","Municipality ","Suryodaya Municipality"
"28",11103,28,"Koshi Province","Jhapa","Municipality ","Arjundhara Municipality"
"29",11111,29,"Koshi Province","Jhapa","Rural Municipality","Barhadashi Rural Municipality"
"30",11114,30,"Koshi Province","Jhapa","Municipality ","Bhadrapur Municipality"
"31",11112,31,"Koshi Province","Jhapa","Municipality ","Birtamod Municipality"
"32",11102,32,"Koshi Province","Jhapa","Rural Municipality","Buddhashanti Rural Municipality"
"33",11107,33,"Koshi Province","Jhapa","Municipality ","Damak Municipality"
"34",11108,34,"Koshi Province","Jhapa","Municipality ","Gauradaha Municipality"
"35",11109,35,"Koshi Province","Jhapa","Rural Municipality","Gauriganj Rural Municipality"
"36",11113,36,"Koshi Province","Jhapa","Rural Municipality","Haldibari Rural Municipality"
"37",11110,37,"Koshi Province","Jhapa","Rural Municipality","Jhapa Rural Municipality"
"38",11115,38,"Koshi Province","Jhapa","Rural Municipality","Kachanakawal Rural Municipality"
"39",11106,39,"Koshi Province","Jhapa","Rural Municipality","Kamal Rural Municipality"
"40",11104,40,"Koshi Province","Jhapa","Municipality ","Kankai Municipality"
"41",11101,41,"Koshi Province","Jhapa","Municipality ","Mechinagar Municipality"
"42",11105,42,"Koshi Province","Jhapa","Municipality ","Shivasatakshi Municipality"
"43",11205,43,"Koshi Province","Morang","Municipality ","Belbari Municipality"
"44",11214,44,"Koshi Province","Morang","Metropolitan City","Biratnagar Metropolitan City"
"45",11213,45,"Koshi Province","Morang","Rural Municipality","Budhiganga Rural Municipality"
"46",11216,46,"Koshi Province","Morang","Rural Municipality","Dhanapalthan Rural Municipality"
"47",11212,47,"Koshi Province","Morang","Rural Municipality","Gramthan Rural Municipality"
"48",11217,48,"Koshi Province","Morang","Rural Municipality","Jahada Rural Municipality"
"49",11206,49,"Koshi Province","Morang","Rural Municipality","Kanepokhari Rural Municipality"
"50",11215,50,"Koshi Province","Morang","Rural Municipality","Katahari Rural Municipality"
"51",11203,51,"Koshi Province","Morang","Rural Municipality","Kerabari Rural Municipality"
"52",11202,52,"Koshi Province","Morang","Municipality ","Letang Municipality"
"53",11201,53,"Koshi Province","Morang","Rural Municipality","Miklajung Rural Municipality"
"54",11207,54,"Koshi Province","Morang","Municipality ","Pathari Shanishchare Municipality"
"55",11211,55,"Koshi Province","Morang","Municipality ","Rangeli Municipality"
"56",11209,56,"Koshi Province","Morang","Municipality ","Ratuwamai Municipality"
"57",11204,57,"Koshi Province","Morang","Municipality ","Sundarharaicha Municipality"
"58",11210,58,"Koshi Province","Morang","Municipality ","Sunwarshi Municipality"
"59",11208,59,"Koshi Province","Morang","Municipality ","Urlabari Municipality"
"60",11302,60,"Koshi Province","Sunsari","Municipality ","Baraha Municipality"
"61",11312,61,"Koshi Province","Sunsari","Rural Municipality","Barju Rural Municipality"
"62",11304,62,"Koshi Province","Sunsari","Rural Municipality","Bhokraha Narsingh Rural Municipality"
"63",11311,63,"Koshi Province","Sunsari","Rural Municipality","Dewangunj Rural Municipality"
"64",11301,64,"Koshi Province","Sunsari","Sub-Metropolitan City","Dharan Sub-Metropolitan City"
"65",11307,65,"Koshi Province","Sunsari","Municipality ","Duhabi Municipality"
"66",11308,66,"Koshi Province","Sunsari","Rural Municipality","Gadhi Rural Municipality"
"67",11310,67,"Koshi Province","Sunsari","Rural Municipality","Harinagara Rural Municipality"
"68",11309,68,"Koshi Province","Sunsari","Municipality ","Inaruwa Municipality"
"69",11306,69,"Koshi Province","Sunsari","Sub-Metropolitan City","Itahari Sub-Metropolitan City"
"70",11303,70,"Koshi Province","Sunsari","Rural Municipality","Koshi Rural Municipality"
"71",11305,71,"Koshi Province","Sunsari","Municipality ","Ramdhuni Municipality"
"72",10707,73,"Koshi Province","Dhankuta","Rural Municipality","Chaubise Rural Municipality"
"73",10703,74,"Koshi Province","Dhankuta","Rural Municipality","Chhathar Jorpati Rural Municipality"
"74",10704,75,"Koshi Province","Dhankuta","Municipality ","Dhankuta Municipality"
"75",10705,76,"Koshi Province","Dhankuta","Rural Municipality","Khalsa Chhintang Sahidbhumi Rural Municipality"
"76",10701,77,"Koshi Province","Dhankuta","Municipality ","Mahalaxmi Municipality"
"77",10702,78,"Koshi Province","Dhankuta","Municipality ","Pakhribas Municipality"
"78",10706,79,"Koshi Province","Dhankuta","Rural Municipality","Sangurigadhi Rural Municipality"
"79",10801,80,"Koshi Province","Terhathum","Rural Municipality","Aatharai Rural Municipality"
"80",10806,81,"Koshi Province","Terhathum","Rural Municipality","Chhathar Rural Municipality"
"81",10805,82,"Koshi Province","Terhathum","Municipality ","Laligurans Municipality"
"82",10803,83,"Koshi Province","Terhathum","Rural Municipality","Menchhayayem Rural Municipality"
"83",10804,84,"Koshi Province","Terhathum","Municipality ","Myanglung Municipality"
"84",10802,85,"Koshi Province","Terhathum","Rural Municipality","Phedap Rural Municipality"
"85",10201,86,"Koshi Province","Sankhuwasabha","Rural Municipality","Bhotkhola Rural Municipality"
"86",10208,87,"Koshi Province","Sankhuwasabha","Municipality ","Chainapur Municipality"
"87",10204,88,"Koshi Province","Sankhuwasabha","Rural Municipality","Chichila Rural Municipality"
"88",10210,89,"Koshi Province","Sankhuwasabha","Municipality ","Dharmadevi Municipality"
"89",10206,90,"Koshi Province","Sankhuwasabha","Municipality ","Khandabari Municipality"
"90",10209,91,"Koshi Province","Sankhuwasabha","Municipality ","Madi Municipality"
"91",10202,92,"Koshi Province","Sankhuwasabha","Rural Municipality","Makalu Rural Municipality"
"92",10207,93,"Koshi Province","Sankhuwasabha","Municipality ","Panchakhapan Municipality"
"93",10205,94,"Koshi Province","Sankhuwasabha","Rural Municipality","Sabhapokhari Rural Municipality"
"94",10203,95,"Koshi Province","Sankhuwasabha","Rural Municipality","Silichong Rural Municipality"
"95",10609,96,"Koshi Province","Bhojpur","Rural Municipality","Aamchowk Rural Municipality"
"96",10605,97,"Koshi Province","Bhojpur","Rural Municipality","Arun Rural Municipality"
"97",10604,98,"Koshi Province","Bhojpur","Municipality ","Bhojpur Municipality"
"98",10608,99,"Koshi Province","Bhojpur","Rural Municipality","Hatuwagadhi Rural Municipality"
"99",10606,100,"Koshi Province","Bhojpur","Rural Municipality","Pauwa Dunma Rural Municipality"
"100",10607,101,"Koshi Province","Bhojpur","Rural Municipality","Ramprasad Rai Rural Municipality"
"101",10602,102,"Koshi Province","Bhojpur","Rural Municipality","Salpa Silichho Rural Municipality"
"102",10601,103,"Koshi Province","Bhojpur","Municipality ","Shadananda Municipality"
"103",10603,104,"Koshi Province","Bhojpur","Rural Municipality","Tyamke Maiyum Rural Municipality"
"104",10305,105,"Koshi Province","Solukhumbu","Rural Municipality","Thulung Dudhkoshi Rural Municipality"
"105",10304,106,"Koshi Province","Solukhumbu","Rural Municipality","Dhudhakoshi Rural Municipality"
"106",10301,107,"Koshi Province","Solukhumbu","Rural Municipality","Khumbu Pasanglhamu Rural Municipality"
"107",10308,108,"Koshi Province","Solukhumbu","Rural Municipality","Likhu Pike Rural Municipality"
"108",10302,109,"Koshi Province","Solukhumbu","Rural Municipality","Mahakulung Rural Municipality"
"109",10306,110,"Koshi Province","Solukhumbu","Rural Municipality","Necha Salyan Rural Municipality"
"110",10307,111,"Koshi Province","Solukhumbu","Municipality ","Solu Dhudhakunda Municipality"
"111",10303,112,"Koshi Province","Solukhumbu","Rural Municipality","Sotang Rural Municipality"
"112",10406,113,"Koshi Province","Okhaldhunga","Rural Municipality","Champadevi Rural Municipality"
"113",10401,114,"Koshi Province","Okhaldhunga","Rural Municipality","Chishankhu Gadhi Rural Municipality"
"114",10404,115,"Koshi Province","Okhaldhunga","Rural Municipality","Khiji Demba Rural Municipality"
"115",10405,116,"Koshi Province","Okhaldhunga","Rural Municipality","Likhu Rural Municipality"
"116",10408,117,"Koshi Province","Okhaldhunga","Rural Municipality","Manebhanjyang Rural Municipality"
"117",10403,118,"Koshi Province","Okhaldhunga","Rural Municipality","Molung Rural Municipality"
"118",10402,119,"Koshi Province","Okhaldhunga","Municipality ","Siddhicharan Municipality"
"119",10407,120,"Koshi Province","Okhaldhunga","Rural Municipality","Sunkoshi Rural Municipality"
"120",10502,121,"Koshi Province","Khotang","Rural Municipality","Aiselukharka Rural Municipality"
"121",10510,122,"Koshi Province","Khotang","Rural Municipality","Baraha Pokhari Rural Municipality"
"122",10507,123,"Koshi Province","Khotang","Rural Municipality","Diprung Rural Municipality"
"123",10504,124,"Koshi Province","Khotang","Municipality ","Halesi Tuwachung Municipality"
"124",10509,125,"Koshi Province","Khotang","Rural Municipality","Jante Dhunga Rural Municipality"
"125",10501,126,"Koshi Province","Khotang","Rural Municipality","Kepilasgadhi Rural Municipality"
"126",10508,127,"Koshi Province","Khotang","Rural Municipality","Khotehang Rural Municipality"
"127",10503,128,"Koshi Province","Khotang","Rural Municipality","Rawa Besi Rural Municipality"
"128",10505,129,"Koshi Province","Khotang","Municipality ","Rupakot Majhuwagadhi Municipality"
"129",10506,130,"Koshi Province","Khotang","Rural Municipality","Sakela Rural Municipality"
"130",11401,131,"Koshi Province","Udayapur","Municipality ","Belaka Municipality"
"131",11402,132,"Koshi Province","Udayapur","Municipality ","Chaudandigadhi Municipality"
"132",11407,133,"Koshi Province","Udayapur","Municipality ","Katari Municipality"
"133",11404,134,"Koshi Province","Udayapur","Rural Municipality","Rautamai Rural Municipality"
"134",11405,135,"Koshi Province","Udayapur","Rural Municipality","Sunkoshi Rural Municipality"
"135",11406,136,"Koshi Province","Udayapur","Rural Municipality","Tapli Rural Municipality"
"136",11403,137,"Koshi Province","Udayapur","Municipality ","Triyuga Municipality"
"137",11408,138,"Koshi Province","Udayapur","Rural Municipality","Udayapurgadhi Rural Municipality"
"138",20103,140,"Madhesh Province","Saptari","Rural Municipality","Agnisair Krishna Sabaran Rural Municipality"
"139",20108,141,"Madhesh Province","Saptari","Rural Municipality","Balan-Bihul Rural Municipality"
"140",20111,142,"Madhesh Province","Saptari","Rural Municipality","Belhi Chapena Rural Municipality"
"141",20112,143,"Madhesh Province","Saptari","Rural Municipality","Bishnupur Rural Municipality"
"142",20109,144,"Madhesh Province","Saptari","Municipality ","BodeBarsain Municipality"
"143",20118,145,"Madhesh Province","Saptari","Rural Municipality","Chhinnamasta Rural Municipality"
"144",20110,146,"Madhesh Province","Saptari","Municipality ","Dakneshwori Municipality"
"145",20116,147,"Madhesh Province","Saptari","Municipality ","Hanumannagar Kankalini Municipality"
"146",20102,148,"Madhesh Province","Saptari","Municipality ","Kanchanrup Municipality"
"147",20106,149,"Madhesh Province","Saptari","Municipality ","Khadak Municipality"
"148",20114,150,"Madhesh Province","Saptari","Rural Municipality","Mahadewa Rural Municipality"
"149",20113,151,"Madhesh Province","Saptari","Municipality ","Rajbiraj Municipality"
"150",20104,152,"Madhesh Province","Saptari","Rural Municipality","Rupani Rural Municipality"
"151",20101,153,"Madhesh Province","Saptari","Municipality ","Saptakoshi Municipality"
"152",20105,154,"Madhesh Province","Saptari","Municipality ","Shambhunath Municipality"
"153",20107,155,"Madhesh Province","Saptari","Municipality ","Surunga Municipality"
"154",20117,156,"Madhesh Province","Saptari","Rural Municipality","Tilathi Koiladi Rural Municipality"
"155",20115,157,"Madhesh Province","Saptari","Rural Municipality","Tirahut Rural Municipality"
"156",20209,159,"Madhesh Province","Siraha","Rural Municipality","Arnama Rural Municipality"
"157",20216,160,"Madhesh Province","Siraha","Rural Municipality","Aurahi Rural Municipality"
"158",20215,161,"Madhesh Province","Siraha","Rural Municipality","Bariyarpatti Rural Municipality"
"159",20213,162,"Madhesh Province","Siraha","Rural Municipality","Bhagawanpur Rural Municipality"
"160",20208,163,"Madhesh Province","Siraha","Rural Municipality","Bishnupur Rural Municipality"
"161",20202,164,"Madhesh Province","Siraha","Municipality ","Dhangadhimai Municipality"
"162",20203,165,"Madhesh Province","Siraha","Municipality ","Golbazar Municipality"
"163",20206,166,"Madhesh Province","Siraha","Municipality ","Kalyanpur Municipality"
"164",20205,167,"Madhesh Province","Siraha","Municipality ","Karjanha Municipality"
"165",20201,168,"Madhesh Province","Siraha","Municipality ","Lahan Municipality"
"166",20211,169,"Madhesh Province","Siraha","Rural Municipality","Laxmipur Patari Rural Municipality"
"167",20204,170,"Madhesh Province","Siraha","Municipality ","Mirchaiya Municipality"
"168",20207,171,"Madhesh Province","Siraha","Rural Municipality","Naraha Rural Municipality"
"169",20214,172,"Madhesh Province","Siraha","Rural Municipality","Nawarajpur Rural Municipality"
"170",20212,173,"Madhesh Province","Siraha","Rural Municipality","Sakhuwa Nankarkatti Rural Municipality"
"171",20217,174,"Madhesh Province","Siraha","Municipality ","Siraha Municipality"
"172",20210,175,"Madhesh Province","Siraha","Municipality ","Sukhipur Municipality"
"173",20314,176,"Madhesh Province","Dhunasa","Rural Municipality","Aurahi Rural Municipality"
"174",20304,177,"Madhesh Province","Dhunasa","Rural Municipality","Bateshwor Rural Municipality"
"175",20313,178,"Madhesh Province","Dhunasa","Municipality ","Bideha Municipality"
"176",20305,179,"Madhesh Province","Dhunasa","Municipality ","Chhireshwornath Municipality"
"177",20316,180,"Madhesh Province","Dhunasa","Rural Municipality","Dhanauji Rural Municipality"
"178",20302,181,"Madhesh Province","Dhunasa","Municipality ","Dhanushadham Municipality"
"179",20301,182,"Madhesh Province","Dhunasa","Municipality ","Ganeshman Charnath Municipality"
"180",20308,183,"Madhesh Province","Dhunasa","Municipality ","Hansapur Municipality"
"181",20312,184,"Madhesh Province","Dhunasa","Rural Municipality","Janak Nandini Rural Municipality"
"182",20315,185,"Madhesh Province","Dhunasa","Sub-Metropolitan City","Janakpur Sub-Metropolitan City"
"183",20311,186,"Madhesh Province","Dhunasa","Municipality ","Kamala Municipality"
"184",20306,187,"Madhesh Province","Dhunasa","Rural Municipality","Laxminiya Rural Municipality"
"185",20303,188,"Madhesh Province","Dhunasa","Municipality ","Mithila Municipality"
"186",20307,189,"Madhesh Province","Dhunasa","Municipality ","Mithila Bihari Municipality"
"187",20318,190,"Madhesh Province","Dhunasa","Rural Municipality","Mukhiyapatti Musaharmiya Rural Municipality"
"188",20317,191,"Madhesh Province","Dhunasa","Municipality ","Nagarain Municipality"
"189",20309,192,"Madhesh Province","Dhunasa","Municipality ","Sabaila Municipality"
"190",20310,193,"Madhesh Province","Dhunasa","Municipality ","Shahidnagar Municipality"
"191",20404,194,"Madhesh Province","Mohattari","Municipality ","Aurahi Municipality"
"192",20407,195,"Madhesh Province","Mohattari","Municipality ","Balawa Municipality"
"193",20401,196,"Madhesh Province","Mohattari","Municipality ","Bardibas Municipality"
"194",20405,197,"Madhesh Province","Mohattari","Municipality ","Bhangaha Municipality"
"195",20411,198,"Madhesh Province","Mohattari","Rural Municipality","Ekadara Rural Municipality"
"196",20402,199,"Madhesh Province","Mohattari","Municipality ","Gaushala Municipality"
"197",20415,200,"Madhesh Province","Mohattari","Municipality ","Jaleshwor Municipality"
"198",20406,201,"Madhesh Province","Mohattari","Municipality ","Loharpatti Municipality"
"199",20412,202,"Madhesh Province","Mohattari","Rural Municipality","Mahottari Rural Municipality"
"200",20410,203,"Madhesh Province","Mohattari","Municipality ","Manara Shisawa Municipality"
"201",20414,204,"Madhesh Province","Mohattari","Municipality ","Matihani Municipality"
"202",20413,205,"Madhesh Province","Mohattari","Rural Municipality","Pipara Rural Municipality"
"203",20408,206,"Madhesh Province","Mohattari","Municipality ","Ram Gopalpur Municipality"
"204",20409,207,"Madhesh Province","Mohattari","Rural Municipality","Samsi Rural Municipality"
"205",20403,208,"Madhesh Province","Mohattari","Rural Municipality","Sonama Rural Municipality"
"206",20503,209,"Madhesh Province","Sarlahi","Municipality ","Bagmati Municipality"
"207",20516,210,"Madhesh Province","Sarlahi","Municipality ","Balara Municipality"
"208",20504,211,"Madhesh Province","Sarlahi","Municipality ","Barahathawa Municipality"
"209",20513,212,"Madhesh Province","Sarlahi","Rural Municipality","Basbariya Rural Municipality"
"210",20518,213,"Madhesh Province","Sarlahi","Rural Municipality","Bishnu Rural Municipality"
"211",20509,214,"Madhesh Province","Sarlahi","Rural Municipality","Brahmapuri Rural Municipality"
"212",20512,215,"Madhesh Province","Sarlahi","Rural Municipality","Chakraghatta Rural Municipality"
"213",20510,216,"Madhesh Province","Sarlahi","Rural Municipality","Chandranagar Rural Municipality"
"214",20514,217,"Madhesh Province","Sarlahi","Rural Municipality","Dhanakaul Rural Municipality"
"215",20517,218,"Madhesh Province","Sarlahi","Municipality ","Godaita Municipality"
"216",20505,219,"Madhesh Province","Sarlahi","Municipality ","Haripur Municipality"
"217",20507,220,"Madhesh Province","Sarlahi","Municipality ","Haripurwa Municipality"
"218",20502,221,"Madhesh Province","Sarlahi","Municipality ","Hariwan Municipality"
"219",20506,222,"Madhesh Province","Sarlahi","Municipality ","Ishworpur Municipality"
"220",20511,223,"Madhesh Province","Sarlahi","Municipality ","Kabilashi Municipality"
"221",20519,224,"Madhesh Province","Sarlahi","Rural Municipality","Kaudena Rural Municipality"
"222",20501,225,"Madhesh Province","Sarlahi","Municipality ","Lalbandi Municipality"
"223",20520,226,"Madhesh Province","Sarlahi","Municipality ","Malangawa Municipality"
"224",20508,227,"Madhesh Province","Sarlahi","Rural Municipality","Parsa Rural Municipality"
"225",20515,228,"Madhesh Province","Sarlahi","Rural Municipality","Ramnagar Rural Municipality"
"226",31101,229,"Bagmati Province","Sindhuli","Municipality ","Dudhouli Municipality"
"227",31107,230,"Bagmati Province","Sindhuli","Rural Municipality","Ghyanglekha Rural Municipality"
"228",31104,231,"Bagmati Province","Sindhuli","Rural Municipality","Golanjor Rural Municipality"
"229",31109,232,"Bagmati Province","Sindhuli","Rural Municipality","Hariharpurgaghi Rural Municipality"
"230",31105,233,"Bagmati Province","Sindhuli","Municipality ","Kamalamai Municipality"
"231",31108,234,"Bagmati Province","Sindhuli","Rural Municipality","Marin Rural Municipality"
"232",31102,235,"Bagmati Province","Sindhuli","Rural Municipality","Phikkal Rural Municipality"
"233",31106,236,"Bagmati Province","Sindhuli","Rural Municipality","Sunkoshi Rural Municipality"
"234",31103,237,"Bagmati Province","Sindhuli","Rural Municipality","Tinpatan Rural Municipality"
"235",31007,238,"Bagmati Province","Ramechhap","Rural Municipality","Doramba Rural Municipality"
"236",31002,239,"Bagmati Province","Ramechhap","Rural Municipality","Gokulganga Rural Municipality"
"237",31006,240,"Bagmati Province","Ramechhap","Rural Municipality","Khandadevi Rural Municipality"
"238",31003,241,"Bagmati Province","Ramechhap","Rural Municipality","Likhu Rural Municipality"
"239",31005,242,"Bagmati Province","Ramechhap","Municipality ","Manthali Municipality"
"240",31004,243,"Bagmati Province","Ramechhap","Municipality ","Ramechhap Municipality"
"241",31008,244,"Bagmati Province","Ramechhap","Rural Municipality","Sunapati Rural Municipality"
"242",31001,245,"Bagmati Province","Ramechhap","Rural Municipality","Umakunda Rural Municipality"
"243",30104,246,"Bagmati Province","Dolakha","Rural Municipality","Baiteshwor Rural Municipality"
"244",30109,247,"Bagmati Province","Dolakha","Municipality ","Bhimeshwor Municipality"
"245",30102,248,"Bagmati Province","Dolakha","Rural Municipality","Bigu Rural Municipality"
"246",30101,249,"Bagmati Province","Dolakha","Rural Municipality","Gaurishankar Rural Municipality"
"247",30105,250,"Bagmati Province","Dolakha","Municipality ","Jiri Municipality"
"248",30103,251,"Bagmati Province","Dolakha","Rural Municipality","Kalinchowk Rural Municipality"
"249",30107,252,"Bagmati Province","Dolakha","Rural Municipality","Melung Rural Municipality"
"250",30108,253,"Bagmati Province","Dolakha","Rural Municipality","Shailung Rural Municipality"
"251",30106,254,"Bagmati Province","Dolakha","Rural Municipality","Tamakoshi Rural Municipality"
"252",30208,255,"Bagmati Province","Sindhupalchok","Rural Municipality","Balephi Rural Municipality"
"253",30209,256,"Bagmati Province","Sindhupalchok","Municipality ","Bahrabise Municipality"
"254",30201,257,"Bagmati Province","Sindhupalchok","Rural Municipality","Bhotekoshi Rural Municipality"
"255",30207,258,"Bagmati Province","Sindhupalchok","Municipality ","Choutara Sangachowkgadhi Municipality"
"256",30204,259,"Bagmati Province","Sindhupalchok","Rural Municipality","Helambu Rural Municipality"
"257",30206,260,"Bagmati Province","Sindhupalchok","Rural Municipality","Indrawoti Rural Municipality"
"258",30202,261,"Bagmati Province","Sindhupalchok","Rural Municipality","Jugal Rural Municipality"
"259",30211,262,"Bagmati Province","Sindhupalchok","Rural Municipality","Lisankhu Pakhar Rural Municipality"
"260",30205,263,"Bagmati Province","Sindhupalchok","Municipality ","Melanchi Municipality"
"261",30203,264,"Bagmati Province","Sindhupalchok","Rural Municipality","Panchpokhari Thangpal Rural Municipality"
"262",30212,265,"Bagmati Province","Sindhupalchok","Rural Municipality","Sunkoshi Rural Municipality"
"263",30210,266,"Bagmati Province","Sindhupalchok","Rural Municipality","Tripurasundari Rural Municipality"
"264",30904,267,"Bagmati Province","Kavrepalanchok","Municipality ","Banepa Municipality"
"265",30910,268,"Bagmati Province","Kavrepalanchok","Rural Municipality","Bethanchowk Rural Municipality"
"266",30902,269,"Bagmati Province","Kavrepalanchok","Rural Municipality","Bhumlu Rural Municipality"
"267",30901,270,"Bagmati Province","Kavrepalanchok","Rural Municipality","Chauri Deurali Rural Municipality"
"268",30905,271,"Bagmati Province","Kavrepalanchok","Municipality ","Dhulikhel Municipality"
"269",30913,272,"Bagmati Province","Kavrepalanchok","Rural Municipality","Khanikhola Rural Municipality"
"270",30912,273,"Bagmati Province","Kavrepalanchok","Rural Municipality","Mahabharat Rural Municipality"
"271",30903,274,"Bagmati Province","Kavrepalanchok","Municipality ","Mandan Deupur Municipality"
"272",30908,275,"Bagmati Province","Kavrepalanchok","Municipality ","Namobuddha Municipality"
"273",30909,276,"Bagmati Province","Kavrepalanchok","Municipality ","Panauti Municipality"
"274",30906,277,"Bagmati Province","Kavrepalanchok","Municipality ","Panchkhal Municipality"
"275",30911,278,"Bagmati Province","Kavrepalanchok","Rural Municipality","Roshi Rural Municipality"
"276",30907,279,"Bagmati Province","Kavrepalanchok","Rural Municipality","Temal Rural Municipality"
"277",30806,280,"Bagmati Province","Lalitpur","Rural Municipality","Bagmati Rural Municipality"
"278",30803,281,"Bagmati Province","Lalitpur","Municipality ","Godawari Municipality"
"279",30804,282,"Bagmati Province","Lalitpur","Rural Municipality","Konjyosom Rural Municipality"
"280",30802,283,"Bagmati Province","Lalitpur","Metropolitan City","Lalitpur Metropolitan City"
"281",30801,284,"Bagmati Province","Lalitpur","Municipality ","Mahalaxmi Municipality"
"282",30805,285,"Bagmati Province","Lalitpur","Rural Municipality","Mahankal Rural Municipality"
"283",30702,286,"Bagmati Province","Bhaktapur","Municipality ","Bhaktapur Municipality"
"284",30701,287,"Bagmati Province","Bhaktapur","Municipality ","Changunarayan Municipality"
"285",30703,288,"Bagmati Province","Bhaktapur","Municipality ","Madhyapur Thimi Municipality"
"286",30704,289,"Bagmati Province","Bhaktapur","Municipality ","Suryabinayak Municipality"
"287",30604,290,"Bagmati Province","Kathmandu","Municipality ","Budhanilkhantha Municipality"
"288",30610,291,"Bagmati Province","Kathmandu","Municipality ","Chandragiri Municipality"
"289",30611,292,"Bagmati Province","Kathmandu","Municipality ","Dakshinkali Municipality"
"290",30603,293,"Bagmati Province","Kathmandu","Municipality ","Gokarneshwor Municipality"
"291",30602,294,"Bagmati Province","Kathmandu","Municipality ","Kageshwori Manahara Municipality"
"292",30608,295,"Bagmati Province","Kathmandu","Metropolitan City","Kathmandu Metropolitan City"
"293",30609,296,"Bagmati Province","Kathmandu","Municipality ","Kirtipur Municipality"
"294",30607,297,"Bagmati Province","Kathmandu","Municipality ","Nagarjun Municipality"
"295",30601,298,"Bagmati Province","Kathmandu","Municipality ","Shankharapur Municipality"
"296",30606,299,"Bagmati Province","Kathmandu","Municipality ","Tarakeshwor Municipality"
"297",30605,300,"Bagmati Province","Kathmandu","Municipality ","Tokha Municipality"
"298",30508,301,"Bagmati Province","Nuwakot","Municipality ","Belkotgadhi Municipality"
"299",30504,302,"Bagmati Province","Nuwakot","Municipality ","Bidur Municipality"
"300",30501,303,"Bagmati Province","Nuwakot","Rural Municipality","Dupcheshwor Rural Municipality"
"301",30512,304,"Bagmati Province","Nuwakot","Rural Municipality","Kakani Rural Municipality"
"302",30505,305,"Bagmati Province","Nuwakot","Rural Municipality","Kispang Rural Municipality"
"303",30509,306,"Bagmati Province","Nuwakot","Rural Municipality","Likhu Rural Municipality"
"304",30506,307,"Bagmati Province","Nuwakot","Rural Municipality","Meghang Rural Municipality"
"305",30510,308,"Bagmati Province","Nuwakot","Rural Municipality","Panchakanya Rural Municipality"
"306",30511,309,"Bagmati Province","Nuwakot","Rural Municipality","Shivapuri Rural Municipality"
"307",30503,310,"Bagmati Province","Nuwakot","Rural Municipality","Suryagadhi Rural Municipality"
"308",30502,311,"Bagmati Province","Nuwakot","Rural Municipality","Tadi Rural Municipality"
"309",30507,312,"Bagmati Province","Nuwakot","Rural Municipality","Tarakeshwor Rural Municipality"
"310",30301,315,"Bagmati Province","Rasuwa","Rural Municipality","Gosaikunda Rural Municipality"
"311",30304,316,"Bagmati Province","Rasuwa","Rural Municipality","Kalika Rural Municipality"
"312",30305,317,"Bagmati Province","Rasuwa","Rural Municipality","Naukunda Rural Municipality"
"313",30302,318,"Bagmati Province","Rasuwa","Rural Municipality","Parbatikunda Rural Municipality"
"314",30303,319,"Bagmati Province","Rasuwa","Rural Municipality","Uttargaya Rural Municipality"
"315",30409,320,"Bagmati Province","Dhading","Rural Municipality","Benighat Rorang Rural Municipality"
"316",30413,321,"Bagmati Province","Dhading","Municipality ","Dhunibenshi Municipality"
"317",30410,322,"Bagmati Province","Dhading","Rural Municipality","Gajuri Rural Municipality"
"318",30411,323,"Bagmati Province","Dhading","Rural Municipality","Galchhi Rural Municipality"
"319",30403,324,"Bagmati Province","Dhading","Rural Municipality","Ganga Jamuna Rural Municipality"
"320",30407,325,"Bagmati Province","Dhading","Rural Municipality","Jwalamukhi Rural Municipality"
"321",30402,326,"Bagmati Province","Dhading","Rural Municipality","Khaniyabas Rural Municipality"
"322",30405,327,"Bagmati Province","Dhading","Rural Municipality","Netrawati Rural Municipality"
"323",30406,328,"Bagmati Province","Dhading","Municipality ","Nilkhantha Municipality"
"324",30401,329,"Bagmati Province","Dhading","Rural Municipality","Rubi Valley Rural Municipality"
"325",30408,330,"Bagmati Province","Dhading","Rural Municipality","Siddhalek Rural Municipality"
"326",30412,331,"Bagmati Province","Dhading","Rural Municipality","Thakre Rural Municipality"
"327",30404,332,"Bagmati Province","Dhading","Rural Municipality","Tripurasundari Rural Municipality"
"328",31210,333,"Bagmati Province","Makwanpur","Rural Municipality","Bagmati Rural Municipality"
"329",31209,334,"Bagmati Province","Makwanpur","Rural Municipality","Bakaiya Rural Municipality"
"330",31207,335,"Bagmati Province","Makwanpur","Rural Municipality","Bhimphedi Rural Municipality"
"331",31206,336,"Bagmati Province","Makwanpur","Sub-Metropolitan City","Hetauda Sub-Metropolitan City"
"332",31201,337,"Bagmati Province","Makwanpur","Rural Municipality","Indrasarowar Rural Municipality"
"333",31203,338,"Bagmati Province","Makwanpur","Rural Municipality","Kailash Rural Municipality"
"334",31208,339,"Bagmati Province","Makwanpur","Rural Municipality","Makawanpurgadhi Rural Municipality"
"335",31205,340,"Bagmati Province","Makwanpur","Rural Municipality","Manahari Rural Municipality"
"336",31204,341,"Bagmati Province","Makwanpur","Rural Municipality","Raksirang Rural Municipality"
"337",31202,342,"Bagmati Province","Makwanpur","Municipality ","Thaha Municipality"
"338",20611,345,"Madhesh Province","Rautahat","Municipality ","Boudhimai Municipality"
"339",20605,346,"Madhesh Province","Rautahat","Municipality ","Brindaban Municipality"
"340",20601,347,"Madhesh Province","Rautahat","Municipality ","Chandrapur Municipality"
"341",20609,348,"Madhesh Province","Rautahat","Municipality ","Dewahi Gonahi Municipality"
"342",20615,349,"Madhesh Province","Rautahat","Rural Municipality","Durga Bhagawati Rural Municipality"
"343",20606,350,"Madhesh Province","Rautahat","Municipality ","Gadhimai Municipality"
"344",20608,351,"Madhesh Province","Rautahat","Municipality ","Garuda Municipality"
"345",20617,352,"Madhesh Province","Rautahat","Municipality ","Gaur Municipality"
"346",20602,353,"Madhesh Province","Rautahat","Municipality ","Gujara Municipality"
"347",20618,354,"Madhesh Province","Rautahat","Municipality ","Ishanath Municipality"
"348",20604,355,"Madhesh Province","Rautahat","Municipality ","Katahariya Municipality"
"349",20607,356,"Madhesh Province","Rautahat","Municipality ","Madhav Narayan Municipality"
"350",20610,357,"Madhesh Province","Rautahat","Municipality ","Maulapur Municipality"
"351",20612,358,"Madhesh Province","Rautahat","Municipality ","Paroha Municipality"
"352",20603,359,"Madhesh Province","Rautahat","Municipality ","Phatuwa Bijayapur Municipality"
"353",20616,360,"Madhesh Province","Rautahat","Municipality ","Rajdevi Municipality"
"354",20613,361,"Madhesh Province","Rautahat","Municipality ","Rajpur Municipality"
"355",20614,362,"Madhesh Province","Rautahat","Rural Municipality","Yamunamai Rural Municipality"
"356",20711,363,"Madhesh Province","Bara","Rural Municipality","Aadarsha Kotwal Rural Municipality"
"357",20710,364,"Madhesh Province","Bara","Rural Municipality","Baragadhi Rural Municipality"
"358",20706,365,"Madhesh Province","Bara","Rural Municipality","Bishrampur Rural Municipality"
"359",20715,366,"Madhesh Province","Bara","Rural Municipality","Devtal Rural Municipality"
"360",20703,367,"Madhesh Province","Bara","Sub-Metropolitan City","Jitpur Simara Sub-Metropolitan City"
"361",20708,368,"Madhesh Province","Bara","Sub-Metropolitan City","Kalaiya Sub-Metropolitan City"
"362",20709,369,"Madhesh Province","Bara","Rural Municipality","Karaiyamai Rural Municipality"
"363",20702,370,"Madhesh Province","Bara","Municipality ","Kolhabi Municipality"
"364",20714,371,"Madhesh Province","Bara","Municipality ","Mahagadhimai Municipality"
"365",20701,372,"Madhesh Province","Bara","Municipality ","Nijagadh Municipality"
"366",20713,373,"Madhesh Province","Bara","Municipality ","Pacharauta Municipality"
"367",20704,374,"Madhesh Province","Bara","Rural Municipality","Parawanipur Rural Municipality"
"368",20707,375,"Madhesh Province","Bara","Rural Municipality","Pheta Rural Municipality"
"369",20705,376,"Madhesh Province","Bara","Rural Municipality","Prasauni Rural Municipality"
"370",20712,377,"Madhesh Province","Bara","Municipality ","Simroungadh Municipality"
"371",20716,378,"Madhesh Province","Bara","Rural Municipality","Subarna Rural Municipality"
"372",20808,380,"Madhesh Province","Parsa","Municipality ","Bahudarmai Municipality"
"373",20814,381,"Madhesh Province","Parsa","Rural Municipality","Bindabasini Rural Municipality"
"374",20807,382,"Madhesh Province","Parsa","Metropolitan City","Birgunj Metropolitan City"
"375",20812,383,"Madhesh Province","Parsa","Rural Municipality","Chhipaharmai Rural Municipality"
"376",20811,384,"Madhesh Province","Parsa","Rural Municipality","Dhobini Rural Municipality"
"377",20803,385,"Madhesh Province","Parsa","Rural Municipality","Jagarnathpur Rural Municipality"
"378",20802,386,"Madhesh Province","Parsa","Rural Municipality","Jirabhawani Rural Municipality"
"379",20810,387,"Madhesh Province","Parsa","Rural Municipality","Kalikamai Rural Municipality"
"380",20813,388,"Madhesh Province","Parsa","Rural Municipality","Pakaha Mainpur Rural Municipality"
"381",20806,389,"Madhesh Province","Parsa","Municipality ","Parsagadhi Municipality"
"382",20804,390,"Madhesh Province","Parsa","Rural Municipality","Paterwa Sugauli Rural Municipality"
"383",20809,391,"Madhesh Province","Parsa","Municipality ","Pokhariya Municipality"
"384",20805,392,"Madhesh Province","Parsa","Rural Municipality","Sakhuwa Prasauni Rural Municipality"
"385",20801,393,"Madhesh Province","Parsa","Rural Municipality","Thori Rural Municipality"
"386",31304,396,"Bagmati Province","Chitwan","Metropolitan City","Bharatpur Metropolitan City"
"387",31303,397,"Bagmati Province","Chitwan","Rural Municipality","Ichchha Kamana Rural Municipality"
"388",31302,398,"Bagmati Province","Chitwan","Municipality ","Kalika Municipality"
"389",31306,399,"Bagmati Province","Chitwan","Municipality ","Khairahani Municipality"
"390",31307,400,"Bagmati Province","Chitwan","Municipality ","Madi Municipality"
"391",31301,401,"Bagmati Province","Chitwan","Municipality ","Rapti Municipality"
"392",31305,402,"Bagmati Province","Chitwan","Municipality ","Ratnanagar Municipality"
"393",40105,404,"Gandaki Province","Gorkha","Rural Municipality","Aarughat Rural Municipality"
"394",40102,405,"Gandaki Province","Gorkha","Rural Municipality","Ajirkot Rural Municipality"
"395",40106,406,"Gandaki Province","Gorkha","Rural Municipality","Bhimsen Rural Municipality"
"396",40101,407,"Gandaki Province","Gorkha","Rural Municipality","Chumanubri Rural Municipality"
"397",40104,408,"Gandaki Province","Gorkha","Rural Municipality","Dharche Rural Municipality"
"398",40111,409,"Gandaki Province","Gorkha","Rural Municipality","Gandaki Rural Municipality"
"399",40109,410,"Gandaki Province","Gorkha","Municipality ","Gorkha Municipality"
"400",40108,411,"Gandaki Province","Gorkha","Municipality ","Palungtar Municipality"
"401",40110,412,"Gandaki Province","Gorkha","Rural Municipality","Shahid Lakhan Rural Municipality"
"402",40107,413,"Gandaki Province","Gorkha","Rural Municipality","Siranchowk Rural Municipality"
"403",40103,414,"Gandaki Province","Gorkha","Rural Municipality","Sulikot Rural Municipality"
"404",40605,415,"Gandaki Province","Lamjung","Municipality ","Besi Shahar Municipality"
"405",40601,416,"Gandaki Province","Lamjung","Rural Municipality","Dordi Rural Municipality"
"406",40608,417,"Gandaki Province","Lamjung","Rural Municipality","Dudhapokhari Rural Municipality"
"407",40603,418,"Gandaki Province","Lamjung","Rural Municipality","Kwhola Sothar Rural Municipality"
"408",40602,420,"Gandaki Province","Lamjung","Rural Municipality","Marshyangdi Rural Municipality"
"409",40604,419,"Gandaki Province","Lamjung","Municipality ","Madhya Nepal Municipality"
"410",40607,421,"Gandaki Province","Lamjung","Municipality ","Rainas Municipality"
"411",40606,422,"Gandaki Province","Lamjung","Municipality ","Sundarbazar Municipality"
"412",40710,423,"Gandaki Province","Tanahu","Rural Municipality","Aanbu Khaireni Rural Municipality"
"413",40709,424,"Gandaki Province","Tanahu","Rural Municipality","Bandipur Rural Municipality"
"414",40701,425,"Gandaki Province","Tanahu","Municipality ","Bhanu Municipality"
"415",40705,426,"Gandaki Province","Tanahu","Municipality ","Bhimad Municipality"
"416",40702,427,"Gandaki Province","Tanahu","Municipality ","Byas Municipality"
"417",40708,428,"Gandaki Province","Tanahu","Rural Municipality","Devghat Rural Municipality"
"418",40706,429,"Gandaki Province","Tanahu","Rural Municipality","Ghiring Rural Municipality"
"419",40703,430,"Gandaki Province","Tanahu","Rural Municipality","Myagde Rural Municipality"
"420",40707,431,"Gandaki Province","Tanahu","Rural Municipality","Rhishing Rural Municipality"
"421",40704,432,"Gandaki Province","Tanahu","Municipality ","Shuklagandaki Municipality"
"422",40903,433,"Gandaki Province","Syangja","Rural Municipality","Aandhikhola Rural Municipality"
"423",40904,434,"Gandaki Province","Syangja","Rural Municipality","Arjun Choupari Rural Municipality"
"424",40905,435,"Gandaki Province","Syangja","Municipality ","Bhirkot Municipaity"
"425",40906,436,"Gandaki Province","Syangja","Rural Municipality","Biruwa Rural Municipality"
"426",40908,437,"Gandaki Province","Syangja","Municipality ","Chapakot Municipality"
"427",40910,438,"Gandaki Province","Syangja","Municipality ","Galyang Municipality"
"428",40907,439,"Gandaki Province","Syangja","Rural Municipality","Harinas Rural Municipality"
"429",40911,440,"Gandaki Province","Syangja","Rural Municipality","Kaligandaki Rural Municipality"
"430",40902,441,"Gandaki Province","Syangja","Rural Municipality","Phedikhola Rural Municipality"
"431",40901,442,"Gandaki Province","Syangja","Municipality ","Putalibazar Municipality"
"432",40909,443,"Gandaki Province","Syangja","Municipality ","Walling Municipality"
"433",40503,444,"Gandaki Province","Kaski","Rural Municipality","Annapurna Rural Municipality"
"434",40502,445,"Gandaki Province","Kaski","Rural Municipality","Machhapuchchhre Rural Municipality"
"435",40501,446,"Gandaki Province","Kaski","Rural Municipality","Madi Rural Municipality"
"436",40504,447,"Gandaki Province","Kaski","Metropolitan City","Pokhara Lekhnath Metropolitan City"
"437",40505,448,"Gandaki Province","Kaski","Rural Municipality","Rupa Rural Municipality"
"438",40203,449,"Gandaki Province","Manang","Rural Municipality","Chame Rural Municipality"
"439",40201,450,"Gandaki Province","Manang","Rural Municipality","Naraphu Rural Municipality"
"440",40204,451,"Gandaki Province","Manang","Rural Municipality","Nashong Rural Municipality"
"441",40202,452,"Gandaki Province","Manang","Rural Municipality","Neshang Rural Municipality"
"442",40303,453,"Gandaki Province","Mustang","Rural Municipality","Bahragaun Muktikshetra Rural Municipality"
"443",40301,454,"Gandaki Province","Mustang","Rural Municipality","Dalome Rural Municipality"
"444",40302,455,"Gandaki Province","Mustang","Rural Municipality","Gharpajhong Rural Municipality"
"445",40304,456,"Gandaki Province","Mustang","Rural Municipality","Lomanthang Rural Municipality"
"446",40305,457,"Gandaki Province","Mustang","Rural Municipality","Thasang Rural Municipality"
"447",40401,458,"Gandaki Province","Myagdi","Rural Municipality","Annapurna Rural Municipality"
"448",40406,459,"Gandaki Province","Myagdi","Municipality ","Beni Municipality"
"449",40403,460,"Gandaki Province","Myagdi","Rural Municipality","Dhawalagiri Rural Municipality"
"450",40404,461,"Gandaki Province","Myagdi","Rural Municipality","Malika Rural Municipality"
"451",40405,462,"Gandaki Province","Myagdi","Rural Municipality","Mangala Rural Municipality"
"452",40402,463,"Gandaki Province","Myagdi","Rural Municipality","Raghuganga Rural Municipality"
"453",41006,465,"Gandaki Province","Parbat","Rural Municipality","Bihadi Rural Municipality"
"454",41002,466,"Gandaki Province","Parbat","Rural Municipality","Jaljala Rural Municipality"
"455",41003,467,"Gandaki Province","Parbat","Municipality ","Kushma Municipality"
"456",41005,468,"Gandaki Province","Parbat","Rural Municipality","Mahashila Rural Municipality"
"457",41001,469,"Gandaki Province","Parbat","Rural Municipality","Modi Rural Municipality"
"458",41007,470,"Gandaki Province","Parbat","Rural Municipality","Paiyu Rural Municipality"
"459",41004,471,"Gandaki Province","Parbat","Municipality ","Phalebas Municipality"
"460",41107,472,"Gandaki Province","Baglung","Rural Municipality","Badigad Rural Municipality"
"461",41101,473,"Gandaki Province","Baglung","Municipality ","Baglung Municipality"
"462",41109,474,"Gandaki Province","Baglung","Rural Municipality","Bareng Rural Municipality"
"463",41105,475,"Gandaki Province","Baglung","Municipality ","Dhorpatan Municipality"
"464",41108,476,"Gandaki Province","Baglung","Municipality ","Galkot Municipality"
"465",41110,477,"Gandaki Province","Baglung","Municipality ","Jaimuni Municipality"
"466",41102,478,"Gandaki Province","Baglung","Rural Municipality","Kathekhola Rural Municipality"
"467",41106,479,"Gandaki Province","Baglung","Rural Municipality","Nisikhola Rural Municipality"
"468",41104,480,"Gandaki Province","Baglung","Rural Municipality","Tamankhola Rural Municipality"
"469",41103,481,"Gandaki Province","Baglung","Rural Municipality","Tarakhola Rural Municipality"
"470",50403,483,"Lumbini Province","Gulmi","Rural Municipality","Chandrakot Rural Municipality"
"471",50411,484,"Lumbini Province","Gulmi","Rural Municipality","Chhatrakot Rural Municipality"
"472",50408,485,"Lumbini Province","Gulmi","Rural Municipality","Dhurkot Rural Municipality"
"473",50410,486,"Lumbini Province","Gulmi","Rural Municipality","Gulmi Durbar Rural Municipality"
"474",50405,487,"Lumbini Province","Gulmi","Rural Municipality","Isma Rural Municipality"
"475",50401,488,"Lumbini Province","Gulmi","Rural Municipality","Kali Gandaki Rural Municipality"
"476",50407,489,"Lumbini Province","Gulmi","Rural Municipality","Madane Rural Municipality"
"477",50406,490,"Lumbini Province","Gulmi","Rural Municipality","Malika Rural Municipality"
"478",50404,491,"Lumbini Province","Gulmi","Municipality ","Musikot Municipality"
"479",50409,492,"Lumbini Province","Gulmi","Municipality ","Resunga Municipality"
"480",50412,493,"Lumbini Province","Gulmi","Rural Municipality","Ruru Rural Municipality"
"481",50402,494,"Lumbini Province","Gulmi","Rural Municipality","Satyawoti Rural Municipality"
"482",50604,495,"Lumbini Province","Palpa","Rural Municipality","Baganaskali Rural Municipality"
"483",50609,496,"Lumbini Province","Palpa","Rural Municipality","Mathagadhi Rural Municipality"
"484",50610,497,"Lumbini Province","Palpa","Rural Municipality","Nisdi Rural Municipality"
"485",50602,498,"Lumbini Province","Palpa","Rural Municipality","Purbakhola Rural Municipality"
"486",50607,499,"Lumbini Province","Palpa","Rural Municipality","Rainadevi Chhahara Rural Municipality"
"487",50603,500,"Lumbini Province","Palpa","Rural Municipality","Rambha Rural Municipality"
"488",50601,501,"Lumbini Province","Palpa","Municipality ","Rampur Municipality"
"489",50606,502,"Lumbini Province","Palpa","Rural Municipality","Ribdikot Rural Municipality"
"490",50605,503,"Lumbini Province","Palpa","Municipality ","Tansen Municipality"
"491",50608,504,"Lumbini Province","Palpa","Rural Municipality","Tinau Rural Municipality"
"492",50701,505,"Lumbini Province","Nawalparasi West","Municipality ","Bardaghat Municipality"
"493",50704,506,"Lumbini Province","Nawalparasi West","Rural Municipality","Palhinandan Rural Municipality"
"494",50706,507,"Lumbini Province","Nawalparasi West","Rural Municipality","Pratapapur Rural Municipality"
"495",50703,508,"Lumbini Province","Nawalparasi West","Municipality ","Ramgram Municipality"
"496",50705,509,"Lumbini Province","Nawalparasi West","Rural Municipality","Sarawal Rural Municipality"
"497",50702,510,"Lumbini Province","Nawalparasi West","Municipality ","Sunawal Municipality"
"498",50707,511,"Lumbini Province","Nawalparasi West","Rural Municipality","Susta Rural Municipality"
"499",50802,512,"Lumbini Province","Rupandehi","Sub-Metropolitan City","Butwal Sub-Metropolitan City"
"500",50801,513,"Lumbini Province","Rupandehi","Municipality ","Devdaha Municipality"
"501",50805,514,"Lumbini Province","Rupandehi","Rural Municipality","Gaidahawa Rural Municipality"
"502",50804,515,"Lumbini Province","Rupandehi","Rural Municipality","Kanchan Rural Municipality"
"503",50814,516,"Lumbini Province","Rupandehi","Rural Municipality","Kotahimai Rural Municipality"
"504",50816,518,"Lumbini Province","Rupandehi","Rural Municipality","Marchawari Rural Municipality"
"505",50812,519,"Lumbini Province","Rupandehi","Rural Municipality","Mayadevi Rural Municipality"
"506",50809,520,"Lumbini Province","Rupandehi","Rural Municipality","Om Satiya Rural Municipality"
"507",50810,521,"Lumbini Province","Rupandehi","Rural Municipality","Rohini Rural Municipality"
"508",50803,522,"Lumbini Province","Rupandehi","Municipality ","Sainamaina Municipality"
"509",50815,523,"Lumbini Province","Rupandehi","Rural Municipality","Sammarimai Rural Municipality"
"510",50811,524,"Lumbini Province","Rupandehi","Municipality ","Siddharthanagar Municipality"
"511",50807,525,"Lumbini Province","Rupandehi","Rural Municipality","Siyari Rural Municipality"
"512",50806,526,"Lumbini Province","Rupandehi","Rural Municipality","Suddhodhan Rural Municipality"
"513",50808,527,"Lumbini Province","Rupandehi","Municipality ","Tilottama Municipality"
"514",50813,517,"Lumbini Province","Rupandehi","Municipality ","Lumbini Sanskritik Municipality"
"515",50901,529,"Lumbini Province","Kapilbastu","Municipality ","Banganga Municipality"
"516",50904,530,"Lumbini Province","Kapilbastu","Rural Municipality","Bijayanagar Rural Municipality"
"517",50902,531,"Lumbini Province","Kapilbastu","Municipality ","Buddhabhumi Municipality"
"518",50907,532,"Lumbini Province","Kapilbastu","Municipality ","Kapilbastu Municipality"
"519",50905,533,"Lumbini Province","Kapilbastu","Municipality ","Krishnanagar Municipality"
"520",50906,534,"Lumbini Province","Kapilbastu","Municipality ","Maharajganj Municipality"
"521",50909,535,"Lumbini Province","Kapilbastu","Rural Municipality","Mayadevi Rural Municipality"
"522",50903,536,"Lumbini Province","Kapilbastu","Municipality ","Shivaraj Municipality"
"523",50910,537,"Lumbini Province","Kapilbastu","Rural Municipality","Shuddhodhan Rural Municipality"
"524",50908,538,"Lumbini Province","Kapilbastu","Rural Municipality","Yasodhara Rural Municipality"
"525",50503,539,"Lumbini Province","Arghakhanchi","Municipality ","Bhumikasthan Municipality"
"526",50501,540,"Lumbini Province","Arghakhanchi","Rural Municipality","Chhatradev Rural Municipality"
"527",50502,541,"Lumbini Province","Arghakhanchi","Rural Municipality","Malarani Rural Municipality"
"528",50505,542,"Lumbini Province","Arghakhanchi","Rural Municipality","Panini Rural Municipality"
"529",50504,543,"Lumbini Province","Arghakhanchi","Municipality ","Sandhikharka Municipality"
"530",50506,544,"Lumbini Province","Arghakhanchi","Municipality ","Shitaganga Municipality"
"531",50308,545,"Lumbini Province","Pyuthan","Rural Municipality","Aairawati Rural Municipality"
"532",50301,546,"Lumbini Province","Pyuthan","Rural Municipality","Gaumukhi Rural Municipality"
"533",50303,547,"Lumbini Province","Pyuthan","Rural Municipality","Jhimaruk Rural Municipality"
"534",50307,548,"Lumbini Province","Pyuthan","Rural Municipality","Mallarani Rural Municipality"
"535",50306,549,"Lumbini Province","Pyuthan","Rural Municipality","Mandavi Rural Municipality"
"536",50302,550,"Lumbini Province","Pyuthan","Rural Municipality","Naubahini Rural Municipality"
"537",50304,551,"Lumbini Province","Pyuthan","Municipality ","Pyuthan Municipality"
"538",50309,552,"Lumbini Province","Pyuthan","Rural Municipality","Sarumarani Rural Municipality"
"539",50305,553,"Lumbini Province","Pyuthan","Municipality ","Sworgadwari Municipality"
"540",50203,554,"Lumbini Province","Rolpa","Rural Municipality","Paribartan Rural Municipality"
"541",50210,555,"Lumbini Province","Rolpa","Rural Municipality","Lungri Rural Municipality"
"542",50205,556,"Lumbini Province","Rolpa","Rural Municipality","Madi Rural Municipality"
"543",50207,557,"Lumbini Province","Rolpa","Municipality ","Rolpa Municipality"
"544",50208,558,"Lumbini Province","Rolpa","Rural Municipality","Runtigadhi Rural Municipality"
"545",50204,559,"Lumbini Province","Rolpa","Rural Municipality","Gangadev Rural Municipality"
"546",50201,560,"Lumbini Province","Rolpa","Rural Municipality","Sunchhahari Rural Municipality"
"547",50209,561,"Lumbini Province","Rolpa","Rural Municipality","Sunil Smriti Rural Municipality"
"548",50202,562,"Lumbini Province","Rolpa","Rural Municipality","Thawang Rural Municipality"
"549",50206,563,"Lumbini Province","Rolpa","Rural Municipality","Tribeni Rural Municipality"
"550",60801,564,"Karnali Province","Rukum West","Municipality ","Aathabisakot Municipality"
"551",60803,565,"Karnali Province","Rukum West","Rural Municipality","Banphikot Rural Municipality"
"552",60806,566,"Karnali Province","Rukum West","Municipality ","Chaurjahari Municipality"
"553",60804,567,"Karnali Province","Rukum West","Municipality ","Musikot Municipality"
"554",60802,568,"Karnali Province","Rukum West","Rural Municipality","Sanibheri Rural Municipality"
"555",60805,569,"Karnali Province","Rukum West","Rural Municipality","Tribeni Rural Municipality"
"556",60905,570,"Karnali Province","Salyan","Municipality ","Bagachour Municipality"
"557",60903,571,"Karnali Province","Salyan","Municipality ","Banagad Kupinde Municipality"
"558",60906,572,"Karnali Province","Salyan","Rural Municipality","Chhatreshwori Rural Municipality"
"559",60901,573,"Karnali Province","Salyan","Rural Municipality","Darma Rural Municipality"
"560",60904,574,"Karnali Province","Salyan","Municipality ","Dhorchaur Rural Municipality"
"561",60908,575,"Karnali Province","Salyan","Rural Municipality","Kalimati Rural Municipality"
"562",60910,576,"Karnali Province","Salyan","Rural Municipality","Kapurkot Rural Municipality"
"563",60902,577,"Karnali Province","Salyan","Rural Municipality","Kumakh Malika Rural Municipality"
"564",60907,578,"Karnali Province","Salyan","Municipality ","Sharada Municipality"
"565",60909,579,"Karnali Province","Salyan","Rural Municipality","Tribeni Rural Municipality"
"566",51005,580,"Lumbini Province","Dang","Rural Municipality","Babai Rural Municipality"
"567",51001,581,"Lumbini Province","Dang","Rural Municipality","Bangalachuli Rural Municipality"
"568",51006,582,"Lumbini Province","Dang","Rural Municipality","Dangisharan Rural Municipality"
"569",51009,583,"Lumbini Province","Dang","Rural Municipality","Gadhawa Rural Municipality"
"570",51002,584,"Lumbini Province","Dang","Sub-Metropolitan City","Ghorahi Sub-Metropolitan City"
"571",51007,585,"Lumbini Province","Dang","Municipality ","Lamahi Municipality"
"572",51010,586,"Lumbini Province","Dang","Rural Municipality","Rajpur Rural Municipality"
"573",51008,587,"Lumbini Province","Dang","Rural Municipality","Rapti Rural Municipality"
"574",51004,588,"Lumbini Province","Dang","Rural Municipality","Shantinagar Rural Municipality"
"575",51003,589,"Lumbini Province","Dang","Sub-Metropolitan City","Tulsipur Sub-Metropolitan City"
"576",51103,590,"Lumbini Province","Banke","Rural Municipality","Baijanath Rural Municipality"
"577",51107,591,"Lumbini Province","Banke","Rural Municipality","Duduwa Rural Municipality"
"578",51105,592,"Lumbini Province","Banke","Rural Municipality","Janaki Rural Municipality"
"579",51104,593,"Lumbini Province","Banke","Rural Municipality","Khajura Rural Municipality"
"580",51102,594,"Lumbini Province","Banke","Municipality ","Kohalpur Municipality"
"581",51108,595,"Lumbini Province","Banke","Rural Municipality","Narainapur Rural Municipality"
"582",51106,596,"Lumbini Province","Banke","Sub-Metropolitan City","Nepalganj Sub-Metropolitan City"
"583",51101,597,"Lumbini Province","Banke","Rural Municipality","Rapti Sonari Rural Municipality"
"584",51208,598,"Lumbini Province","Bardiya","Rural Municipality","Badhaiyatal Rural Municipality"
"585",51201,599,"Lumbini Province","Bardiya","Municipality ","Bansgadhi Municipality"
"586",51201,600,"Lumbini Province","Bardiya","Municipality ","Bansgadhi Municipality"
"587",51202,601,"Lumbini Province","Bardiya","Municipality ","Barbardiya Municipality"
"588",51204,602,"Lumbini Province","Bardiya","Rural Municipality","Geruwa Rural Municipality"
"589",51207,603,"Lumbini Province","Bardiya","Municipality ","Gulariya Municipality"
"590",51206,604,"Lumbini Province","Bardiya","Municipality ","Madhuwan Municipality"
"591",51205,605,"Lumbini Province","Bardiya","Municipality ","Rajapur Municipality"
"592",51203,606,"Lumbini Province","Bardiya","Municipality ","Thakurbaba Municipality"
"593",61007,608,"Karnali Province","Surkhet","Rural Municipality","Barahatal Rural Municipality"
"594",61005,609,"Karnali Province","Surkhet","Municipality ","Bheriganga Municipality"
"595",61006,610,"Karnali Province","Surkhet","Municipality ","Birendranagar Municipality"
"596",61009,611,"Karnali Province","Surkhet","Rural Municipality","Chaukune Rural Municipality"
"597",61002,612,"Karnali Province","Surkhet","Rural Municipality","Chingad Rural Municipality"
"598",61004,613,"Karnali Province","Surkhet","Municipality ","Gurbhakot Municipality"
"599",61003,614,"Karnali Province","Surkhet","Municipality ","Lekabeshi Municipality"
"600",61008,615,"Karnali Province","Surkhet","Municipality ","Panchapuri Municipality"
"601",61001,616,"Karnali Province","Surkhet","Rural Municipality","Simta Rural Municipality"
"602",60605,617,"Karnali Province","Dailekh","Municipality ","Aathbis Municipality"
"603",60609,618,"Karnali Province","Dailekh","Rural Municipality","Bhagawatimai Rural Municipality"
"604",60603,619,"Karnali Province","Dailekh","Rural Municipality","Bhairabi Rural Municipality"
"605",60606,620,"Karnali Province","Dailekh","Municipality ","Chamunda Bindrasaini Municipality"
"606",60607,621,"Karnali Province","Dailekh","Municipality ","Dullu Municipality"
"607",60610,622,"Karnali Province","Dailekh","Rural Municipality","Dungeshwor Rural Municipality"
"608",60611,623,"Karnali Province","Dailekh","Rural Municipality","Gurans Rural Municipality"
"609",60602,624,"Karnali Province","Dailekh","Rural Municipality","Mahabu Rural Municipality"
"610",60608,625,"Karnali Province","Dailekh","Municipality ","Narayan Municipality"
"611",60601,626,"Karnali Province","Dailekh","Rural Municipality","Naumule Rural Municipality"
"612",60604,627,"Karnali Province","Dailekh","Rural Municipality","Thantikandh Rural Municipality"
"613",60701,628,"Karnali Province","Jajarkot","Rural Municipality","Barekot Rural Municipality"
"614",60706,629,"Karnali Province","Jajarkot","Municipality ","Bheri Malika Municipality"
"615",60704,630,"Karnali Province","Jajarkot","Municipality ","Chhedagad Municipality"
"616",60703,631,"Karnali Province","Jajarkot","Rural Municipality","Junichande Rural Municipality"
"617",60702,632,"Karnali Province","Jajarkot","Rural Municipality","Kuse Rural Municipality"
"618",60705,633,"Karnali Province","Jajarkot","Rural Municipality","Shivalaya Rural Municipality"
"619",60707,634,"Karnali Province","Jajarkot","Municipality ","Tribeni Nalagad Municipality"
"620",60108,635,"Karnali Province","Dolpa","Rural Municipality","Chharka Tangsong Rural Municipality"
"621",60101,636,"Karnali Province","Dolpa","Rural Municipality","Dolpo Buddha Rural Municipality"
"622",60103,637,"Karnali Province","Dolpa","Rural Municipality","Jagadulla Rural Municipality"
"623",60107,638,"Karnali Province","Dolpa","Rural Municipality","Kaike Rural Municipality"
"624",60104,639,"Karnali Province","Dolpa","Rural Municipality","Mudkechula Rural Municipality"
"625",60102,640,"Karnali Province","Dolpa","Rural Municipality","Shey Phoksundo Rural Municipality"
"626",60106,641,"Karnali Province","Dolpa","Municipality ","Thulibheri Municipality"
"627",60105,642,"Karnali Province","Dolpa","Municipality ","Tripurasundari Municipality"
"628",60404,643,"Karnali Province","Jumla","Municipality ","Chandannath Municipality"
"629",60405,644,"Karnali Province","Jumla","Rural Municipality","Guthichaur Rural Municipality"
"630",60408,645,"Karnali Province","Jumla","Rural Municipality","Hima Rural Municipality"
"631",60402,646,"Karnali Province","Jumla","Rural Municipality","Kanaka Sundari Rural Municipality"
"632",60401,647,"Karnali Province","Jumla","Rural Municipality","Patarasi Rural Municipality"
"633",60403,648,"Karnali Province","Jumla","Rural Municipality","Sinja Rural Municipality"
"634",60406,649,"Karnali Province","Jumla","Rural Municipality","Tatopani Rural Municipality"
"635",60407,650,"Karnali Province","Jumla","Rural Municipality","Tila Rural Municipality"
"636",60509,651,"Karnali Province","Kalikot","Rural Municipality","Kalika Rural Municipality"
"637",60506,652,"Karnali Province","Kalikot","Municipality ","Khandachakra Municipality"
"638",60508,653,"Karnali Province","Kalikot","Rural Municipality","Mahawai Rural Municipality"
"639",60505,654,"Karnali Province","Kalikot","Rural Municipality","Naraharinath Rural Municipality"
"640",60502,655,"Karnali Province","Kalikot","Rural Municipality","Pachal Jharana Rural Municipality"
"641",60501,656,"Karnali Province","Kalikot","Rural Municipality","Palata Rural Municipality"
"642",60503,657,"Karnali Province","Kalikot","Municipality ","Raskot Municipality"
"643",60504,658,"Karnali Province","Kalikot","Rural Municipality","Sanni Tribeni Rural Municipality"
"644",60507,659,"Karnali Province","Kalikot","Municipality ","Tilagupha Municipality"
"645",60202,660,"Karnali Province","Mugu","Rural Municipality","Chhayanath Rara Municipality"
"646",60204,661,"Karnali Province","Mugu","Rural Municipality","Khatyad Rural Municipality"
"647",60201,662,"Karnali Province","Mugu","Rural Municipality","Mugumkarmarog Rural Municipality"
"648",60203,663,"Karnali Province","Mugu","Rural Municipality","Soru Rural Municipality"
"649",60306,664,"Karnali Province","Humla","Rural Municipality","Adanchuli Rural Municipality"
"650",60301,665,"Karnali Province","Humla","Rural Municipality","Chankheli Rural Municipality"
"651",60302,666,"Karnali Province","Humla","Rural Municipality","Kharpunath Rural Municipality"
"652",60304,667,"Karnali Province","Humla","Rural Municipality","Namkha Rural Municipality"
"653",60305,668,"Karnali Province","Humla","Rural Municipality","Sarkegad Rural Municipality"
"654",60303,669,"Karnali Province","Humla","Rural Municipality","Simkot Rural Municipality"
"655",60307,670,"Karnali Province","Humla","Rural Municipality","Tanjakot Rural Municipality"
"656",70106,671,"Sudurpashchim Province","Bajura","Municipality ","Badimalika Municipality"
"657",70108,672,"Sudurpashchim Province","Bajura","Municipality ","Budhiganga Municipality"
"658",70103,673,"Sudurpashchim Province","Bajura","Municipality ","Budhinanda Municipality"
"659",70107,674,"Sudurpashchim Province","Bajura","Rural Municipality","Khaptad Chhededaha Rural Municipality"
"660",70102,675,"Sudurpashchim Province","Bajura","Rural Municipality","Gaumul Rural Municipality"
"661",70101,676,"Sudurpashchim Province","Bajura","Rural Municipality","Himali Rural Municipality"
"662",70105,677,"Sudurpashchim Province","Bajura","Rural Municipality","Jagannath Rural Municipality"
"663",70104,678,"Sudurpashchim Province","Bajura","Rural Municipality","Swami Kartik Rural Municipality"
"664",70109,679,"Sudurpashchim Province","Bajura","Municipality ","Tribeni Municipality"
"665",70210,681,"Sudurpashchim Province","Bajhang","Rural Municipality","Bitthadchir Rural Municipality"
"666",70202,682,"Sudurpashchim Province","Bajhang","Municipality ","Bungal Municipality"
"667",70207,683,"Sudurpashchim Province","Bajhang","Rural Municipality","Chhabis Pathibhara Rural Municipality"
"668",70208,684,"Sudurpashchim Province","Bajhang","Rural Municipality","Durgathali Rural Municipality"
"669",70206,685,"Sudurpashchim Province","Bajhang","Municipality ","Jayaprithbi Municipality"
"670",70201,686,"Sudurpashchim Province","Bajhang","Rural Municipality","Kanda Rural Municipality"
"671",70209,687,"Sudurpashchim Province","Bajhang","Rural Municipality","Kedarsyun Rural Municipality"
"672",70212,688,"Sudurpashchim Province","Bajhang","Rural Municipality","Khaptad Chhanna Rural Municipality"
"673",70205,689,"Sudurpashchim Province","Bajhang","Rural Municipality","Masta Rural Municipality"
"674",70203,690,"Sudurpashchim Province","Bajhang","Rural Municipality","Surma Rural Municipality"
"675",70204,691,"Sudurpashchim Province","Bajhang","Rural Municipality","Talkot Rural Municipality"
"676",70211,692,"Sudurpashchim Province","Bajhang","Rural Municipality","Thalara Rural Municipality"
"677",70707,694,"Sudurpashchim Province","Achham","Rural Municipality","Bannigadhi Jayagadh Rural Municipality"
"678",70705,695,"Sudurpashchim Province","Achham","Rural Municipality","Chaurpati Rural Municipality"
"679",70709,696,"Sudurpashchim Province","Achham","Rural Municipality","Dhakari Rural Municipality"
"680",70708,697,"Sudurpashchim Province","Achham","Municipality ","Kamal Bazar Municipality"
"681",70706,698,"Sudurpashchim Province","Achham","Municipality ","Mangalsen Municipality"
"682",70703,699,"Sudurpashchim Province","Achham","Rural Municipality","Mellekh Rural Municipality"
"683",70701,700,"Sudurpashchim Province","Achham","Municipality ","Panchdebal Binayak Municipality"
"684",70702,701,"Sudurpashchim Province","Achham","Rural Municipality","Ramaroshan Rural Municipality"
"685",70704,702,"Sudurpashchim Province","Achham","Municipality ","Sanphebagar Municipality"
"686",70710,703,"Sudurpashchim Province","Achham","Rural Municipality","Turmakhand Rural Municipality"
"687",70603,705,"Sudurpashchim Province","Doti","Rural Municipality","Aadarsha Rural Municipality"
"688",70608,706,"Sudurpashchim Province","Doti","Rural Municipality","Badi Kedar Rural Municipality"
"689",70607,707,"Sudurpashchim Province","Doti","Rural Municipality","Bogatan Rural Municipality"
"690",70605,708,"Sudurpashchim Province","Doti","Municipality ","Dipayal Silgadhi Municipality"
"691",70609,709,"Sudurpashchim Province","Doti","Rural Municipality","Jorayal Rural Municipality"
"692",70606,710,"Sudurpashchim Province","Doti","Rural Municipality","K.I. Singh Rural Municipality"
"693",70601,711,"Sudurpashchim Province","Doti","Rural Municipality","Purbichouki Rural Municipality"
"694",70602,712,"Sudurpashchim Province","Doti","Rural Municipality","Sayal Rural Municipality"
"695",70604,713,"Sudurpashchim Province","Doti","Municipality ","Shikhar Municipality"
"696",70806,715,"Sudurpashchim Province","Kailali","Rural Municipality","Bardagoriya Rural Municipality"
"697",70811,716,"Sudurpashchim Province","Kailali","Municipality ","Bhajani Municipality"
"698",70802,717,"Sudurpashchim Province","Kailali","Rural Municipality","Chure Rural Municipality"
"699",70813,718,"Sudurpashchim Province","Kailali","Sub-Metropolitan City","Dhangadhi Sub-Metropolitan City"
"700",70804,719,"Sudurpashchim Province","Kailali","Municipality ","Gauriganga Municipality"
"701",70805,720,"Sudurpashchim Province","Kailali","Municipality ","Ghodaghodi Municipality"
"702",70803,721,"Sudurpashchim Province","Kailali","Municipality ","Godawari Municipality"
"703",70808,722,"Sudurpashchim Province","Kailali","Rural Municipality","Janaki Rural Municipality"
"704",70809,723,"Sudurpashchim Province","Kailali","Rural Municipality","Joshipur Rural Municipality"
"705",70812,724,"Sudurpashchim Province","Kailali","Rural Municipality","Kailari Rural Municipality"
"706",70807,725,"Sudurpashchim Province","Kailali","Municipality ","Lamki Chuha Municipality"
"707",70801,726,"Sudurpashchim Province","Kailali","Rural Municipality","Mohanyal Rural Municipality"
"708",70810,727,"Sudurpashchim Province","Kailali","Municipality ","Tikapur Municipality"
"709",70903,728,"Sudurpashchim Province","Kanchanpur","Municipality ","Bedkot Municipality"
"710",70908,729,"Sudurpashchim Province","Kanchanpur","Municipality ","Belouri Municipality"
"711",70909,730,"Sudurpashchim Province","Kanchanpur","Rural Municipality","Beldandi Rural Municipality"
"712",70904,731,"Sudurpashchim Province","Kanchanpur","Municipality ","Bhimdatta Municipality"
"713",70901,732,"Sudurpashchim Province","Kanchanpur","Municipality ","Krishnapur Municipality"
"714",70906,733,"Sudurpashchim Province","Kanchanpur","Rural Municipality","Laljhadi Rural Municipality"
"715",70905,734,"Sudurpashchim Province","Kanchanpur","Municipality ","Mahakali Municipality"
"716",70907,735,"Sudurpashchim Province","Kanchanpur","Municipality ","Punarbas Municipality"
"717",70902,736,"Sudurpashchim Province","Kanchanpur","Municipality ","Shuklaphanta Municipality"
"718",70503,738,"Sudurpashchim Province","Dadeldhura","Rural Municipality","Ajayameru Rural Municipality"
"719",70506,739,"Sudurpashchim Province","Dadeldhura","Rural Municipality","Aalital Rural Municipality"
"720",70502,740,"Sudurpashchim Province","Dadeldhura","Municipality ","Amargadhi Municipality"
"721",70504,741,"Sudurpashchim Province","Dadeldhura","Rural Municipality","Bhageshwor Rural Municipality"
"722",70507,742,"Sudurpashchim Province","Dadeldhura","Rural Municipality","Ganyapdhura Rural Municipality"
"723",70501,743,"Sudurpashchim Province","Dadeldhura","Rural Municipality","Nawadurga Rural Municipality"
"724",70505,744,"Sudurpashchim Province","Dadeldhura","Municipality ","Parashuram Municipality"
"725",70405,745,"Sudurpashchim Province","Baitadi","Municipality ","Dasharathchand Municipality"
"726",70401,746,"Sudurpashchim Province","Baitadi","Rural Municipality","Dilasaini Rural Municipality"
"727",70402,747,"Sudurpashchim Province","Baitadi","Rural Municipality","Dogada Kedar Rural Municipality"
"728",70408,748,"Sudurpashchim Province","Baitadi","Municipality ","Melauli Municipality"
"729",70406,749,"Sudurpashchim Province","Baitadi","Rural Municipality","Pancheshwor Rural Municipality"
"730",70409,750,"Sudurpashchim Province","Baitadi","Municipality ","Patan Municipality"
"731",70403,751,"Sudurpashchim Province","Baitadi","Municipality ","Puchaundi Municipality"
"732",70407,752,"Sudurpashchim Province","Baitadi","Rural Municipality","Shivanath Rural Municipality"
"733",70410,753,"Sudurpashchim Province","Baitadi","Rural Municipality","Sigas Rural Municipality"
"734",70404,754,"Sudurpashchim Province","Baitadi","Rural Municipality","Surnaya Rural Municipality"
"735",70305,755,"Sudurpashchim Province","Darchula","Rural Municipality","Apihimal Rural Municipality"
"736",70301,756,"Sudurpashchim Province","Darchula","Rural Municipality","Byas Rural Municipality"
"737",70302,757,"Sudurpashchim Province","Darchula","Rural Municipality","Duhun Rural Municipality"
"738",70309,758,"Sudurpashchim Province","Darchula","Rural Municipality","Lekam Rural Municipality"
"739",70303,759,"Sudurpashchim Province","Darchula","Municipality ","Mahakali Municipality"
"740",70308,760,"Sudurpashchim Province","Darchula","Rural Municipality","Malikarjun Rural Municipality"
"741",70306,761,"Sudurpashchim Province","Darchula","Rural Municipality","Marma Rural Municipality"
"742",70304,762,"Sudurpashchim Province","Darchula","Rural Municipality","Naugad Rural Municipality"
"743",70307,763,"Sudurpashchim Province","Darchula","Municipality ","Shailyashikhar Municipality"
"744",40808,764,"Gandaki Province","Nawalparasi East","Rural Municipality","Binayi Tribeni Rural Municipality"
"745",40808,765,"Gandaki Province","Nawalparasi East","Rural Municipality","Binayi Tribeni Rural Municipality"
"746",40802,766,"Gandaki Province","Nawalparasi East","Rural Municipality","Bulingtar Rural Municipality"
"747",40803,767,"Gandaki Province","Nawalparasi East","Rural Municipality","Bungdikali Rural Municipality"
"748",40805,768,"Gandaki Province","Nawalparasi East","Municipality ","Devchuli Municipality"
"749",40801,769,"Gandaki Province","Nawalparasi East","Municipality ","Gaidakot Municipality"
"750",40804,770,"Gandaki Province","Nawalparasi East","Rural Municipality","Hupsekot Rural Municipality"
"751",40806,771,"Gandaki Province","Nawalparasi East","Municipality ","Kawasoti Municipality"
"752",40807,772,"Gandaki Province","Nawalparasi East","Municipality ","Madhya Bindu Municipality"
"753",50103,774,"Lumbini Province","Rukum East","Rural Municipality","Bhoome Rural Municipality"
"754",50101,775,"Lumbini Province","Rukum East","Rural Municipality","Putha Uttanganga Rural Municipality"
"755",50102,776,"Lumbini Province","Rukum East","Rural Municipality","Sisne Rural Municipality"
